unit,static_mae,naive_mae,driftx_mae,static_rmse,naive_rmse,driftx_rmse,static_r2,naive_r2,driftx_r2,safety_decision
81,6.867254955861792,8.519129722786325,6.867254955861792,8.726711221279283,10.524192938752432,8.726711221279283,0.8871631232404962,0.8358928702129845,0.8871631232404962,REJECT
82,5.2120294585149205,5.295211389380779,5.2120294585149205,7.526441928405777,7.245500815112504,7.526441928405777,0.8963768388384187,0.9039683864723245,0.8963768388384187,REJECT
83,19.525101137911992,17.401822545188836,17.401822545188836,23.75667138553099,21.53484098601468,21.53484098601468,0.4502797707921037,0.5482960620523335,0.5482960620523335,PROMOTE
84,17.403355760790234,19.80432911516185,17.403355760790234,22.35268458739519,24.907280582231074,22.35268458739519,0.4121852843957948,0.2701498517623705,0.4121852843957948,REJECT
85,9.350626771583995,6.640633734972286,6.640633734972286,12.33986923862369,9.368893826418578,9.368893826418578,0.637446731365878,0.7910091154030854,0.7910091154030854,PROMOTE
86,9.230330046048744,10.643543772240962,9.230330046048744,11.796581063077456,13.513975832753193,11.796581063077456,0.8485203286163742,0.801203690702209,0.8485203286163742,REJECT
87,8.31123871191612,6.751906328126603,6.751906328126603,10.968645358834149,9.106948949035878,9.106948949035878,0.6783123502463264,0.7782446011755463,0.7782446011755463,PROMOTE
88,4.957383130929952,5.670305998339225,4.957383130929952,6.5564279442122935,7.594607082154228,6.5564279442122935,0.9213657059982051,0.8944913596360236,0.9213657059982051,REJECT
89,17.369879076317407,14.634234460999423,14.634234460999423,20.752252610122184,17.880360942591796,17.880360942591796,0.23131461241530937,0.42934884884004965,0.42934884884004965,PROMOTE
90,32.06861094487898,27.023716690416755,27.023716690416755,37.545699222414015,33.15254631593923,33.15254631593923,-4.030078608742126,-2.921824539627104,-2.921824539627104,PROMOTE
91,15.548073942230777,14.507993852833113,14.507993852833113,21.131330504579147,18.308057592217736,18.308057592217736,-1.060922133355802,-0.5470075667690533,-0.5470075667690533,PROMOTE
92,13.967246072447198,14.683122888645492,13.967246072447198,16.846440535832496,17.768815221352522,16.846440535832496,0.7953346932254758,0.772309523290455,0.7953346932254758,REJECT
93,26.08275981858352,22.076764497202323,22.076764497202323,30.90780371279072,27.296375521569935,27.296375521569935,-2.294111483959999,-1.5692831607398707,-1.5692831607398707,PROMOTE
94,10.340781607135114,11.715432294721987,10.340781607135114,13.413115378281377,15.091741646711109,13.413115378281377,0.7705208365419791,0.7094889465164866,0.7705208365419791,REJECT
95,7.121572084658406,7.243450121282826,7.121572084658406,9.02996648038349,9.411746736870452,9.02996648038349,0.9145279930431348,0.9071478232295686,0.9145279930431348,REJECT
96,8.326566922831534,9.3824898830736,8.326566922831534,11.300600994690594,12.618078502636147,11.300600994690594,0.9034681578523197,0.8796478197679205,0.9034681578523197,REJECT
97,11.621333400645733,10.88930015806773,10.88930015806773,16.420249591759898,15.020374200888336,15.020374200888336,0.4397410978583042,0.5311965898499493,0.5311965898499493,PROMOTE
98,25.393335028509007,21.70986222171255,21.70986222171255,29.803578349848436,26.488490688535858,26.488490688535858,-2.0629423532950155,-1.419448755022934,-1.419448755022934,PROMOTE
99,20.496236805816718,17.002422743083372,17.002422743083372,25.22708583821968,21.781466055817614,21.781466055817614,-0.5588630983194216,-0.16211209685421912,-0.16211209685421912,PROMOTE
100,7.503272076954907,6.882451729151381,6.882451729151381,9.947046072306218,8.789497535078521,8.789497535078521,0.7888825201324696,0.8351594589207296,0.8351594589207296,PROMOTE
