scenario,origin,confidence,action,severity,risk_score,reason
F01_feature_abrupt,feature,0.5276,UPDATE,MEDIUM,0.4009,"Meaningful drift has been detected, but evidence does not justify full retraining."
F02_feature_gradual,feature,0.5065,UPDATE,MEDIUM,0.3755,"Meaningful drift has been detected, but evidence does not justify full retraining."
F03_multi_feature,feature,0.525,UPDATE,MEDIUM,0.4225,"Meaningful drift has been detected, but evidence does not justify full retraining."
F04_concept,residual,0.4281,RETRAIN,MEDIUM,0.5886,Concept drift with meaningful performance degradation requires retraining.
F05_prediction,prediction,0.4664,UPDATE,MEDIUM,0.421,"Meaningful drift has been detected, but evidence does not justify full retraining."
F06_prediction_controlled,prediction,0.6993,RETRAIN,HIGH,0.8173,Strong current drift evidence and performance degradation justify full retraining.
F07_performance_only,unknown,0.0,MONITOR,LOW,0.0,No reliable drift origin was established. The system remains in monitoring mode.
F08_recurrent,feature,0.3949,UPDATE,MEDIUM,0.3352,Recurrent drift supports a lightweight model update.
F09_no_drift,unknown,0.0,MONITOR,LOW,0.0,No reliable drift origin was established. The system remains in monitoring mode.
