feature,ks_statistic,p_value,drift_detected
sensor_2,1.0,0.0,True
sensor_14,0.09541732818316839,2.526360903885724e-41,True
sensor_13,0.08251733820106733,5.32135683540926e-31,True
sensor_8,0.07777125058523887,1.3973837148799447e-27,True
sensor_9,0.06749809274619545,7.078638873465046e-21,True
sensor_7,0.05557269583159552,2.752673299734545e-14,True
sensor_11,0.05508544628611306,4.8059385902631166e-14,True
sensor_12,0.0532433182212797,3.779966792293237e-13,True
sensor_4,0.045971592396696764,6.535943330564046e-10,True
sensor_15,0.04306932442335526,9.438306354871633e-09,True
sensor_21,0.036859148155325205,1.592269016857972e-06,True
sensor_3,0.034541235682439775,8.801296011958286e-06,True
sensor_20,0.0336648762883478,1.6320064514449602e-05,True
sensor_17,0.026304427215830484,0.0015600156569785283,True
sensor_6,0.007757227406490059,0.9130488077921173,False
sensor_5,0.0,1.0,False
sensor_16,0.0,1.0,False
sensor_10,0.0,1.0,False
sensor_1,0.0,1.0,False
sensor_18,0.0,1.0,False
sensor_19,0.0,1.0,False
