scenario,origin,drift_type,action,severity,risk_score,execution
F01_feature_abrupt,feature,FEATURE_DRIFT,UPDATE,MEDIUM,0.4061,RESIDUAL_ADAPTER
F02_feature_gradual,feature,FEATURE_DRIFT,UPDATE,MEDIUM,0.4351,RESIDUAL_ADAPTER
F03_multi_feature,feature,FEATURE_DRIFT,UPDATE,MEDIUM,0.4253,RESIDUAL_ADAPTER
F04_concept,unknown,CONCEPT_DRIFT,MONITOR,LOW,0.0,MONITOR_ONLY
F05_prediction,prediction,PREDICTION_DRIFT,UPDATE,MEDIUM,0.4666,RESIDUAL_ADAPTER
F06_prediction_controlled,prediction,PREDICTION_DRIFT,RETRAIN,HIGH,0.7243,CHALLENGER_SAFETY_GATE
F07_performance_only,performance,PERFORMANCE_ONLY,RETRAIN,HIGH,0.7039,CHALLENGER_SAFETY_GATE
F08_recurrent,feature,RECURRENT_DRIFT,UPDATE,MEDIUM,0.3,RESIDUAL_ADAPTER
F09_no_drift,unknown,NO_DRIFT,MONITOR,LOW,0.0,MONITOR_ONLY
