scenario,true_cause,predicted_origin,first_stage_correct,true_first_stage,predicted_first_stage,forensic_confidence,forensic_path,feature_onset,prediction_onset,residual_onset,performance_onset,baseline_origin,baseline_correct,feature_ks,top_sensor_drift,prediction_ks,residual_ks,performance_score,reference_mae,current_mae,mae_change_pct
F01_feature_abrupt,FEATURE_DRIFT,feature,True,feature,feature,0.7043,feature,4900.0,,,,feature,True,1.0,sensor_2:1.0000;sensor_13:0.0139;sensor_9:0.0126;sensor_14:0.0123;sensor_12:0.0121,0.012252290979395009,0.02960097270419154,0.0008871866221787832,23.47998404284729,23.500815170579074,0.08871866221787832
F02_feature_gradual,FEATURE_DRIFT,feature,True,feature,feature,0.7102,feature,4900.0,,,,feature,True,0.9796429045374445,sensor_7:0.9796;sensor_13:0.0139;sensor_9:0.0126;sensor_14:0.0123;sensor_12:0.0121,0.04128547960349249,0.09936435789083015,0.06302533545755568,23.47998404284729,24.959817913685793,6.302533545755567
F03_multi_feature,FEATURE_DRIFT,feature,True,feature,feature,0.5252,feature,,,,,feature,True,1.0,sensor_2:1.0000;sensor_7:1.0000;sensor_11:1.0000;sensor_13:0.0139;sensor_9:0.0126,0.08587537444870608,0.08180717214669031,0.08465914311007262,23.47998404284729,25.46777937215292,8.465914311007262
F04_concept,CONCEPT_DRIFT,unknown,False,residual,unknown,0.0,,4900.0,,,,residual,True,0.013938883799933688,sensor_13:0.0139;sensor_9:0.0126;sensor_14:0.0123;sensor_12:0.0121;sensor_3:0.0120,0.013959069502919141,0.1976932831965632,0.11873605983925141,23.47998404284729,26.267904833183472,11.873605983925142
F05_prediction,PREDICTION_DRIFT,prediction,True,prediction,prediction,0.4903,prediction->residual->performance,4900.0,0.0,,,performance,False,0.013938883799933688,sensor_13:0.0139;sensor_9:0.0126;sensor_14:0.0123;sensor_12:0.0121;sensor_3:0.0120,0.3096250815993826,0.415152765047776,0.4881957203487351,23.47998404284729,34.942811766421926,48.81957203487351
F06_prediction_controlled,PREDICTION_DRIFT,prediction,True,prediction,prediction,0.6189,prediction->residual->performance,4900.0,0.0,,,performance,False,0.013938883799933688,sensor_13:0.0139;sensor_9:0.0126;sensor_14:0.0123;sensor_12:0.0121;sensor_3:0.0120,0.4236987181824079,0.5100727147366244,0.8699841698783286,23.47998404284729,43.90719846912019,86.99841698783285
F07_performance_only,PERFORMANCE_ONLY,performance,True,performance,performance,0.5,residual->performance,4900.0,,,,performance,True,0.013938883799933688,sensor_13:0.0139;sensor_9:0.0126;sensor_14:0.0123;sensor_12:0.0121;sensor_3:0.0120,0.013959069502919141,0.2629009549227604,1.0,23.47998404284729,73.50623695940384,213.05914358913736
F08_recurrent,RECURRENT_DRIFT,feature,True,feature,feature,0.4114,feature,4900.0,,,,feature,True,0.41667339849745544,sensor_2:0.4167;sensor_13:0.0139;sensor_9:0.0126;sensor_14:0.0123;sensor_12:0.0121,0.012626176796136979,0.01772594487787693,0.0,23.47998404284729,23.420193632660776,-0.2546441687413576
F09_no_drift,NO_DRIFT,unknown,False,none,unknown,0.0,,2850.0,,,,prediction,False,0.011579253138393364,sensor_20:0.0116;sensor_9:0.0110;sensor_2:0.0109;sensor_13:0.0104;sensor_14:0.0099,0.015005665845374438,0.01011777703390132,0.005418214177981408,23.333132247568976,23.45955615552947,0.5418214177981407
