scenario,true_cause,predicted_origin,first_stage_correct,true_first_stage,predicted_first_stage,forensic_confidence,forensic_path,feature_onset,prediction_onset,residual_onset,performance_onset,baseline_origin,baseline_correct,feature_ks,top_sensor_drift,prediction_ks,residual_ks,performance_score,reference_mae,current_mae,mae_change_pct,seed,safety_aware_correct,baseline_safety_aware_correct
F01_feature_abrupt,FEATURE_DRIFT,feature,True,feature,feature,0.5075,feature,,,,,feature,True,1.0,sensor_2:1.0000;sensor_21:0.0190;sensor_12:0.0152;sensor_20:0.0136;sensor_13:0.0133,0.0214976777458111,0.0355230273526226,0.0176163863695564,23.28568673931525,23.69589639379548,1.7616386369556414,7,True,True
F02_feature_gradual,FEATURE_DRIFT,feature,True,feature,feature,0.499,feature,,,,,feature,True,0.9902087068509084,sensor_7:0.9902;sensor_2:0.0191;sensor_21:0.0190;sensor_12:0.0152;sensor_20:0.0136,0.014228273141675,0.0163577250686357,0.0085194237966189,24.92282076860389,25.135148840938804,0.8519423796618933,7,True,True
F03_multi_feature,FEATURE_DRIFT,feature,True,feature,feature,0.5286,feature,,,,,feature,True,1.0,sensor_2:1.0000;sensor_7:1.0000;sensor_11:1.0000;sensor_21:0.0190;sensor_12:0.0152,0.0982541039083525,0.0850760373552973,0.1026220947862361,23.28568673931525,25.675312691039856,10.262209478623612,7,True,True
F04_concept,CONCEPT_DRIFT,residual,True,residual,residual,0.3355,residual->performance,,,,,performance,False,0.019060762784991,sensor_2:0.0191;sensor_21:0.0190;sensor_12:0.0152;sensor_20:0.0136;sensor_13:0.0133,0.0133547048507116,0.354468274179176,0.5276482863542727,23.28568673931525,35.57233944389735,52.76482863542727,7,True,False
F05_prediction,PREDICTION_DRIFT,prediction,True,prediction,prediction,0.4953,prediction->residual->performance,,0.0,,,performance,False,0.019060762784991,sensor_2:0.0191;sensor_21:0.0190;sensor_12:0.0152;sensor_20:0.0136;sensor_13:0.0133,0.3127530952581883,0.4162116855312033,0.5095683509069009,23.28568673931525,35.151335730802806,50.95683509069009,7,True,False
F06_prediction_controlled,PREDICTION_DRIFT,prediction,True,prediction,prediction,0.6255,prediction->residual->performance,,0.0,,,performance,False,0.019060762784991,sensor_2:0.0191;sensor_21:0.0190;sensor_12:0.0152;sensor_20:0.0136;sensor_13:0.0133,0.4307361069317656,0.509469987371433,0.8915291943116513,23.28568673931525,44.04555627701047,89.15291943116513,7,True,False
F07_performance_only,PERFORMANCE_ONLY,performance,True,performance,performance,0.5,residual->performance,,,,,performance,True,0.019060762784991,sensor_2:0.0191;sensor_21:0.0190;sensor_12:0.0152;sensor_20:0.0136;sensor_13:0.0133,0.0133547048507116,0.2656993442505249,1.0,23.28568673931525,74.50706931869,219.96938785959557,7,True,True
F08_recurrent,RECURRENT_DRIFT,feature,True,feature,feature,0.2557,feature,,,,,feature,True,0.5001938547991092,sensor_2:0.5002;sensor_21:0.0190;sensor_12:0.0152;sensor_20:0.0136;sensor_13:0.0133,0.0165489861153426,0.0258567605874435,0.0140985327997826,23.28568673931525,23.613980757574947,1.4098532799782697,7,True,True
F09_no_drift,NO_DRIFT,unknown,False,none,unknown,0.0,,,,,,feature,False,0.019060762784991,sensor_2:0.0191;sensor_21:0.0190;sensor_12:0.0152;sensor_20:0.0136;sensor_13:0.0133,0.0133547048507116,0.015969207272205,0.009504135640487,23.28568673931525,23.50699706456759,0.950413564048707,7,True,False
F01_feature_abrupt,FEATURE_DRIFT,feature,True,feature,feature,0.5075,feature,,,,,feature,True,1.0,sensor_2:1.0000;sensor_21:0.0190;sensor_12:0.0152;sensor_20:0.0136;sensor_13:0.0133,0.0214976777458111,0.0355230273526226,0.0176163863695564,23.28568673931525,23.69589639379548,1.7616386369556414,21,True,True
F02_feature_gradual,FEATURE_DRIFT,feature,True,feature,feature,0.499,feature,,,,,feature,True,0.9902087068509084,sensor_7:0.9902;sensor_2:0.0191;sensor_21:0.0190;sensor_12:0.0152;sensor_20:0.0136,0.014228273141675,0.0163577250686357,0.0085194237966189,24.92282076860389,25.135148840938804,0.8519423796618933,21,True,True
F03_multi_feature,FEATURE_DRIFT,feature,True,feature,feature,0.5286,feature,,,,,feature,True,1.0,sensor_2:1.0000;sensor_7:1.0000;sensor_11:1.0000;sensor_21:0.0190;sensor_12:0.0152,0.0982541039083525,0.0850760373552973,0.1026220947862361,23.28568673931525,25.675312691039856,10.262209478623612,21,True,True
F04_concept,CONCEPT_DRIFT,residual,True,residual,residual,0.3355,residual->performance,,,,,performance,False,0.019060762784991,sensor_2:0.0191;sensor_21:0.0190;sensor_12:0.0152;sensor_20:0.0136;sensor_13:0.0133,0.0133547048507116,0.354468274179176,0.5276482863542727,23.28568673931525,35.57233944389735,52.76482863542727,21,True,False
F05_prediction,PREDICTION_DRIFT,prediction,True,prediction,prediction,0.4953,prediction->residual->performance,,0.0,,,performance,False,0.019060762784991,sensor_2:0.0191;sensor_21:0.0190;sensor_12:0.0152;sensor_20:0.0136;sensor_13:0.0133,0.3127530952581883,0.4162116855312033,0.5095683509069009,23.28568673931525,35.151335730802806,50.95683509069009,21,True,False
F06_prediction_controlled,PREDICTION_DRIFT,prediction,True,prediction,prediction,0.6255,prediction->residual->performance,,0.0,,,performance,False,0.019060762784991,sensor_2:0.0191;sensor_21:0.0190;sensor_12:0.0152;sensor_20:0.0136;sensor_13:0.0133,0.4307361069317656,0.509469987371433,0.8915291943116513,23.28568673931525,44.04555627701047,89.15291943116513,21,True,False
F07_performance_only,PERFORMANCE_ONLY,performance,True,performance,performance,0.5,residual->performance,,,,,performance,True,0.019060762784991,sensor_2:0.0191;sensor_21:0.0190;sensor_12:0.0152;sensor_20:0.0136;sensor_13:0.0133,0.0133547048507116,0.2656993442505249,1.0,23.28568673931525,74.50706931869,219.96938785959557,21,True,True
F08_recurrent,RECURRENT_DRIFT,feature,True,feature,feature,0.2557,feature,,,,,feature,True,0.5001938547991092,sensor_2:0.5002;sensor_21:0.0190;sensor_12:0.0152;sensor_20:0.0136;sensor_13:0.0133,0.0165489861153426,0.0258567605874435,0.0140985327997826,23.28568673931525,23.613980757574947,1.4098532799782697,21,True,True
F09_no_drift,NO_DRIFT,unknown,False,none,unknown,0.0,,,,,,feature,False,0.019060762784991,sensor_2:0.0191;sensor_21:0.0190;sensor_12:0.0152;sensor_20:0.0136;sensor_13:0.0133,0.0133547048507116,0.015969207272205,0.009504135640487,23.28568673931525,23.50699706456759,0.950413564048707,21,True,False
F01_feature_abrupt,FEATURE_DRIFT,feature,True,feature,feature,0.5075,feature,,,,,feature,True,1.0,sensor_2:1.0000;sensor_21:0.0190;sensor_12:0.0152;sensor_20:0.0136;sensor_13:0.0133,0.0214976777458111,0.0355230273526226,0.0176163863695564,23.28568673931525,23.69589639379548,1.7616386369556414,42,True,True
F02_feature_gradual,FEATURE_DRIFT,feature,True,feature,feature,0.499,feature,,,,,feature,True,0.9902087068509084,sensor_7:0.9902;sensor_2:0.0191;sensor_21:0.0190;sensor_12:0.0152;sensor_20:0.0136,0.014228273141675,0.0163577250686357,0.0085194237966189,24.92282076860389,25.135148840938804,0.8519423796618933,42,True,True
F03_multi_feature,FEATURE_DRIFT,feature,True,feature,feature,0.5286,feature,,,,,feature,True,1.0,sensor_2:1.0000;sensor_7:1.0000;sensor_11:1.0000;sensor_21:0.0190;sensor_12:0.0152,0.0982541039083525,0.0850760373552973,0.1026220947862361,23.28568673931525,25.675312691039856,10.262209478623612,42,True,True
F04_concept,CONCEPT_DRIFT,residual,True,residual,residual,0.3355,residual->performance,,,,,performance,False,0.019060762784991,sensor_2:0.0191;sensor_21:0.0190;sensor_12:0.0152;sensor_20:0.0136;sensor_13:0.0133,0.0133547048507116,0.354468274179176,0.5276482863542727,23.28568673931525,35.57233944389735,52.76482863542727,42,True,False
F05_prediction,PREDICTION_DRIFT,prediction,True,prediction,prediction,0.4953,prediction->residual->performance,,0.0,,,performance,False,0.019060762784991,sensor_2:0.0191;sensor_21:0.0190;sensor_12:0.0152;sensor_20:0.0136;sensor_13:0.0133,0.3127530952581883,0.4162116855312033,0.5095683509069009,23.28568673931525,35.151335730802806,50.95683509069009,42,True,False
F06_prediction_controlled,PREDICTION_DRIFT,prediction,True,prediction,prediction,0.6255,prediction->residual->performance,,0.0,,,performance,False,0.019060762784991,sensor_2:0.0191;sensor_21:0.0190;sensor_12:0.0152;sensor_20:0.0136;sensor_13:0.0133,0.4307361069317656,0.509469987371433,0.8915291943116513,23.28568673931525,44.04555627701047,89.15291943116513,42,True,False
F07_performance_only,PERFORMANCE_ONLY,performance,True,performance,performance,0.5,residual->performance,,,,,performance,True,0.019060762784991,sensor_2:0.0191;sensor_21:0.0190;sensor_12:0.0152;sensor_20:0.0136;sensor_13:0.0133,0.0133547048507116,0.2656993442505249,1.0,23.28568673931525,74.50706931869,219.96938785959557,42,True,True
F08_recurrent,RECURRENT_DRIFT,feature,True,feature,feature,0.2557,feature,,,,,feature,True,0.5001938547991092,sensor_2:0.5002;sensor_21:0.0190;sensor_12:0.0152;sensor_20:0.0136;sensor_13:0.0133,0.0165489861153426,0.0258567605874435,0.0140985327997826,23.28568673931525,23.613980757574947,1.4098532799782697,42,True,True
F09_no_drift,NO_DRIFT,unknown,False,none,unknown,0.0,,,,,,feature,False,0.019060762784991,sensor_2:0.0191;sensor_21:0.0190;sensor_12:0.0152;sensor_20:0.0136;sensor_13:0.0133,0.0133547048507116,0.015969207272205,0.009504135640487,23.28568673931525,23.50699706456759,0.950413564048707,42,True,False
F01_feature_abrupt,FEATURE_DRIFT,feature,True,feature,feature,0.5075,feature,,,,,feature,True,1.0,sensor_2:1.0000;sensor_21:0.0190;sensor_12:0.0152;sensor_20:0.0136;sensor_13:0.0133,0.0214976777458111,0.0355230273526226,0.0176163863695564,23.28568673931525,23.69589639379548,1.7616386369556414,84,True,True
F02_feature_gradual,FEATURE_DRIFT,feature,True,feature,feature,0.499,feature,,,,,feature,True,0.9902087068509084,sensor_7:0.9902;sensor_2:0.0191;sensor_21:0.0190;sensor_12:0.0152;sensor_20:0.0136,0.014228273141675,0.0163577250686357,0.0085194237966189,24.92282076860389,25.135148840938804,0.8519423796618933,84,True,True
F03_multi_feature,FEATURE_DRIFT,feature,True,feature,feature,0.5286,feature,,,,,feature,True,1.0,sensor_2:1.0000;sensor_7:1.0000;sensor_11:1.0000;sensor_21:0.0190;sensor_12:0.0152,0.0982541039083525,0.0850760373552973,0.1026220947862361,23.28568673931525,25.675312691039856,10.262209478623612,84,True,True
F04_concept,CONCEPT_DRIFT,residual,True,residual,residual,0.3355,residual->performance,,,,,performance,False,0.019060762784991,sensor_2:0.0191;sensor_21:0.0190;sensor_12:0.0152;sensor_20:0.0136;sensor_13:0.0133,0.0133547048507116,0.354468274179176,0.5276482863542727,23.28568673931525,35.57233944389735,52.76482863542727,84,True,False
F05_prediction,PREDICTION_DRIFT,prediction,True,prediction,prediction,0.4953,prediction->residual->performance,,0.0,,,performance,False,0.019060762784991,sensor_2:0.0191;sensor_21:0.0190;sensor_12:0.0152;sensor_20:0.0136;sensor_13:0.0133,0.3127530952581883,0.4162116855312033,0.5095683509069009,23.28568673931525,35.151335730802806,50.95683509069009,84,True,False
F06_prediction_controlled,PREDICTION_DRIFT,prediction,True,prediction,prediction,0.6255,prediction->residual->performance,,0.0,,,performance,False,0.019060762784991,sensor_2:0.0191;sensor_21:0.0190;sensor_12:0.0152;sensor_20:0.0136;sensor_13:0.0133,0.4307361069317656,0.509469987371433,0.8915291943116513,23.28568673931525,44.04555627701047,89.15291943116513,84,True,False
F07_performance_only,PERFORMANCE_ONLY,performance,True,performance,performance,0.5,residual->performance,,,,,performance,True,0.019060762784991,sensor_2:0.0191;sensor_21:0.0190;sensor_12:0.0152;sensor_20:0.0136;sensor_13:0.0133,0.0133547048507116,0.2656993442505249,1.0,23.28568673931525,74.50706931869,219.96938785959557,84,True,True
F08_recurrent,RECURRENT_DRIFT,feature,True,feature,feature,0.2557,feature,,,,,feature,True,0.5001938547991092,sensor_2:0.5002;sensor_21:0.0190;sensor_12:0.0152;sensor_20:0.0136;sensor_13:0.0133,0.0165489861153426,0.0258567605874435,0.0140985327997826,23.28568673931525,23.613980757574947,1.4098532799782697,84,True,True
F09_no_drift,NO_DRIFT,unknown,False,none,unknown,0.0,,,,,,feature,False,0.019060762784991,sensor_2:0.0191;sensor_21:0.0190;sensor_12:0.0152;sensor_20:0.0136;sensor_13:0.0133,0.0133547048507116,0.015969207272205,0.009504135640487,23.28568673931525,23.50699706456759,0.950413564048707,84,True,False
F01_feature_abrupt,FEATURE_DRIFT,feature,True,feature,feature,0.5075,feature,,,,,feature,True,1.0,sensor_2:1.0000;sensor_21:0.0190;sensor_12:0.0152;sensor_20:0.0136;sensor_13:0.0133,0.0214976777458111,0.0355230273526226,0.0176163863695564,23.28568673931525,23.69589639379548,1.7616386369556414,123,True,True
F02_feature_gradual,FEATURE_DRIFT,feature,True,feature,feature,0.499,feature,,,,,feature,True,0.9902087068509084,sensor_7:0.9902;sensor_2:0.0191;sensor_21:0.0190;sensor_12:0.0152;sensor_20:0.0136,0.014228273141675,0.0163577250686357,0.0085194237966189,24.92282076860389,25.135148840938804,0.8519423796618933,123,True,True
F03_multi_feature,FEATURE_DRIFT,feature,True,feature,feature,0.5286,feature,,,,,feature,True,1.0,sensor_2:1.0000;sensor_7:1.0000;sensor_11:1.0000;sensor_21:0.0190;sensor_12:0.0152,0.0982541039083525,0.0850760373552973,0.1026220947862361,23.28568673931525,25.675312691039856,10.262209478623612,123,True,True
F04_concept,CONCEPT_DRIFT,residual,True,residual,residual,0.3355,residual->performance,,,,,performance,False,0.019060762784991,sensor_2:0.0191;sensor_21:0.0190;sensor_12:0.0152;sensor_20:0.0136;sensor_13:0.0133,0.0133547048507116,0.354468274179176,0.5276482863542727,23.28568673931525,35.57233944389735,52.76482863542727,123,True,False
F05_prediction,PREDICTION_DRIFT,prediction,True,prediction,prediction,0.4953,prediction->residual->performance,,0.0,,,performance,False,0.019060762784991,sensor_2:0.0191;sensor_21:0.0190;sensor_12:0.0152;sensor_20:0.0136;sensor_13:0.0133,0.3127530952581883,0.4162116855312033,0.5095683509069009,23.28568673931525,35.151335730802806,50.95683509069009,123,True,False
F06_prediction_controlled,PREDICTION_DRIFT,prediction,True,prediction,prediction,0.6255,prediction->residual->performance,,0.0,,,performance,False,0.019060762784991,sensor_2:0.0191;sensor_21:0.0190;sensor_12:0.0152;sensor_20:0.0136;sensor_13:0.0133,0.4307361069317656,0.509469987371433,0.8915291943116513,23.28568673931525,44.04555627701047,89.15291943116513,123,True,False
F07_performance_only,PERFORMANCE_ONLY,performance,True,performance,performance,0.5,residual->performance,,,,,performance,True,0.019060762784991,sensor_2:0.0191;sensor_21:0.0190;sensor_12:0.0152;sensor_20:0.0136;sensor_13:0.0133,0.0133547048507116,0.2656993442505249,1.0,23.28568673931525,74.50706931869,219.96938785959557,123,True,True
F08_recurrent,RECURRENT_DRIFT,feature,True,feature,feature,0.2557,feature,,,,,feature,True,0.5001938547991092,sensor_2:0.5002;sensor_21:0.0190;sensor_12:0.0152;sensor_20:0.0136;sensor_13:0.0133,0.0165489861153426,0.0258567605874435,0.0140985327997826,23.28568673931525,23.613980757574947,1.4098532799782697,123,True,True
F09_no_drift,NO_DRIFT,unknown,False,none,unknown,0.0,,,,,,feature,False,0.019060762784991,sensor_2:0.0191;sensor_21:0.0190;sensor_12:0.0152;sensor_20:0.0136;sensor_13:0.0133,0.0133547048507116,0.015969207272205,0.009504135640487,23.28568673931525,23.50699706456759,0.950413564048707,123,True,False
