scenario,true_cause,predicted_origin,first_stage_correct,true_first_stage,predicted_first_stage,forensic_confidence,forensic_path,feature_onset,prediction_onset,residual_onset,performance_onset,baseline_origin,baseline_correct,feature_ks,top_sensor_drift,prediction_ks,residual_ks,performance_score,reference_mae,current_mae,mae_change_pct,seed
F01_feature_abrupt,FEATURE_DRIFT,feature,True,feature,feature,0.5243,feature,,,,,feature,True,1.0,sensor_7:1.0000;sensor_3:0.0203;sensor_9:0.0194;sensor_14:0.0177;sensor_21:0.0157,0.043911177503126,0.1037313614596858,0.0952410359560343,23.02906394338489,25.22237585045063,9.524103595603432,21
F02_feature_gradual,FEATURE_DRIFT,feature,True,feature,feature,0.4918,feature,,,,,feature,True,0.9696258032725272,sensor_3:0.9696;sensor_9:0.0194;sensor_14:0.0177;sensor_21:0.0157;sensor_15:0.0146,0.00709481449848,0.0249270720506642,0.038326313523505,23.02906394338489,23.91168306823191,3.832631352350503,21
F03_multi_feature,FEATURE_DRIFT,feature,True,feature,feature,0.5283,feature,,,,,feature,True,1.0,sensor_3:1.0000;sensor_7:1.0000;sensor_11:1.0000;sensor_9:0.0194;sensor_14:0.0177,0.0842589127514397,0.0807967612186401,0.1184410066040106,23.02906394338489,25.75664945798753,11.844100660401065,21
F04_concept,CONCEPT_DRIFT,residual,True,residual,residual,0.2597,residual->performance,,,,,performance,False,0.0202662989566437,sensor_3:0.0203;sensor_9:0.0194;sensor_14:0.0177;sensor_21:0.0157;sensor_15:0.0146,0.0110483048375556,0.32330288261628,0.3268810525972987,23.02906394338489,30.55682860552905,32.68810525972988,21
F05_prediction,PREDICTION_DRIFT,unknown,False,prediction,unknown,0.0,,,,,,performance,False,0.0202662989566437,sensor_3:0.0203;sensor_9:0.0194;sensor_14:0.0177;sensor_21:0.0157;sensor_15:0.0146,0.0110483048375556,0.0123459361950879,0.0344498399989996,23.02906394338489,23.822411511561235,3.4449839998999603,21
F06_prediction_controlled,PREDICTION_DRIFT,unknown,False,prediction,unknown,0.0,,,,,,residual,False,0.0202662989566437,sensor_3:0.0203;sensor_9:0.0194;sensor_14:0.0177;sensor_21:0.0157;sensor_15:0.0146,0.0110483048375556,0.080545467816295,0.02033494606367,23.02906394338489,23.497358716570435,2.0334946063670056,21
F07_performance_only,PERFORMANCE_ONLY,unknown,False,performance,unknown,0.0,,,,,,performance,True,0.0202662989566437,sensor_3:0.0203;sensor_9:0.0194;sensor_14:0.0177;sensor_21:0.0157;sensor_15:0.0146,0.0110483048375556,0.0160053731169588,0.0415562251810942,23.02906394338489,23.98606491032601,4.15562251810942,21
F08_recurrent,RECURRENT_DRIFT,feature,True,feature,feature,0.3692,feature,,,,,feature,True,0.7045803376686324,sensor_7:0.7046;sensor_3:0.0203;sensor_9:0.0194;sensor_14:0.0177;sensor_21:0.0157,0.0296935508773889,0.0589394725332884,0.0801087102197746,23.02906394338489,24.873892553458177,8.010871021977469,21
F09_no_drift,NO_DRIFT,unknown,False,none,unknown,0.0,,,,,,performance,False,0.0161649509996941,sensor_9:0.0162;sensor_20:0.0152;sensor_14:0.0143;sensor_15:0.0137;sensor_3:0.0105,0.0091673923221545,0.0100648306533418,0.0255524197592789,23.10118734160584,23.69147857749629,2.5552419759278977,21
