seed,cases,driftx_accuracy,baseline_accuracy,advantage_pp
7,9,0.5555555555555556,0.5555555555555556,0.0
21,9,0.5555555555555556,0.5555555555555556,0.0
42,9,0.5555555555555556,0.4444444444444444,11.111111111111116
84,9,0.5555555555555556,0.5555555555555556,0.0
123,9,0.5555555555555556,0.5555555555555556,0.0
156,9,0.5555555555555556,0.4444444444444444,11.111111111111116
201,9,0.5555555555555556,0.4444444444444444,11.111111111111116
256,9,0.5555555555555556,0.4444444444444444,11.111111111111116
314,9,0.5555555555555556,0.4444444444444444,11.111111111111116
512,9,0.5555555555555556,0.6666666666666666,-11.111111111111105
