unit,adaptation_rows,evaluation_rows,champion_mae,champion_rmse,champion_r2,adapted_mae,adapted_rmse,adapted_r2,mae_improvement,mae_change,improvement_percent,outcome,retain_mae,adapt_mae,best_action,avoidable_loss
81,30,90,6.867254955861792,8.726711221279283,0.8871631232404962,7.993222333749859,9.92576840102018,0.8540251215942353,-1.1259673778880668,-1.1259673778880668,-16.396178460317056,WORSENED,6.867254955861792,7.993222333749859,RETAIN,1.1259673778880668
82,26,81,5.2120294585149205,7.526441928405777,0.8963768388384187,5.3400160698021,7.132025194988259,0.9069528352769256,-0.1279866112871799,-0.1279866112871799,-2.455600305138097,WORSENED,5.2120294585149205,5.3400160698021,RETAIN,0.12798661128717992
83,36,111,19.525101137911992,23.75667138553099,0.4502797707921037,17.514860669414062,21.502438186468552,0.5496543688673042,2.01024046849793,2.01024046849793,10.295672500229127,IMPROVED,19.525101137911992,17.514860669414062,ADAPT,0.0
84,33,101,17.403355760790234,22.35268458739519,0.4121852843957948,18.9922486067929,24.11401834928144,0.3158989635888451,-1.5888928460026648,-1.5888928460026648,-9.129807307521926,WORSENED,17.403355760790234,18.9922486067929,RETAIN,1.5888928460026648
85,23,71,9.350626771583997,12.33986923862369,0.637446731365878,6.759404674826777,9.50658593702977,0.7848210090996852,2.5912220967572184,2.59122209675722,27.71174767269924,IMPROVED,9.350626771583997,6.759404674826777,ADAPT,0.0
86,34,105,9.230330046048744,11.796581063077456,0.8485203286163742,10.257268731088676,13.071206672390668,0.8140169333755258,-1.0269386850399318,-1.0269386850399318,-11.125698430247754,WORSENED,9.230330046048744,10.257268731088676,RETAIN,1.0269386850399318
87,22,67,8.31123871191612,10.968645358834149,0.6783123502463264,6.694233029143246,9.037088243293198,0.7816337863179996,1.6170056827728745,1.6170056827728745,19.455652025185078,IMPROVED,8.31123871191612,6.694233029143246,ADAPT,0.0
88,26,81,4.957383130929952,6.5564279442122935,0.9213657059982052,5.779608382210261,7.674213170853555,0.8922679003810325,-0.822225251280309,-0.822225251280309,-16.585872617960604,WORSENED,4.957383130929952,5.779608382210261,RETAIN,0.822225251280309
89,27,82,17.369879076317407,20.752252610122184,0.2313146124153093,14.914031521304496,18.03998236470904,0.4191147457045731,2.45584755501291,2.45584755501291,14.138541461473292,IMPROVED,17.369879076317407,14.914031521304496,ADAPT,0.0
90,19,58,32.06861094487898,37.545699222414015,-4.030078608742126,27.21466723045165,33.12556306627528,-2.915443098868084,4.853943714427327,4.853943714427327,15.136120871498026,IMPROVED,32.06861094487898,27.21466723045165,ADAPT,0.0
91,17,51,15.548073942230776,21.131330504579147,-1.060922133355802,14.117283947985634,18.522583283754475,-0.5834742684782495,1.430789994245144,1.430789994245142,9.20236165303352,IMPROVED,15.548073942230776,14.117283947985634,ADAPT,0.0
92,42,129,13.967246072447198,16.846440535832496,0.7953346932254758,14.3131638754451,17.476911609889875,0.7797290100337235,-0.3459178029979028,-0.3459178029979028,-2.4766357032993453,WORSENED,13.967246072447198,14.3131638754451,RETAIN,0.34591780299790287
93,19,59,26.08275981858352,30.90780371279072,-2.294111483959999,22.38724264685324,27.303171197231496,-1.570562611811488,3.695517171730277,3.695517171730277,14.168428484693113,IMPROVED,26.08275981858352,22.38724264685324,ADAPT,0.0
94,32,97,10.340781607135114,13.413115378281375,0.7705208365419791,11.21523771290822,14.62550358207247,0.7271615369525324,-0.874456105773108,-0.8744561057731062,-8.456383076205126,WORSENED,10.340781607135114,11.21523771290822,RETAIN,0.8744561057731062
95,35,107,7.121572084658406,9.02996648038349,0.9145279930431348,7.853464291916886,9.926577636779507,0.8967117991834266,-0.7318922072584799,-0.7318922072584799,-10.27711576261586,WORSENED,7.121572084658406,7.853464291916886,RETAIN,0.7318922072584799
96,42,126,8.326566922831534,11.300600994690594,0.9034681578523196,9.04263743975804,12.259673005929471,0.8863877173828164,-0.7160705169265071,-0.7160705169265071,-8.599828999909127,WORSENED,8.326566922831534,9.04263743975804,RETAIN,0.7160705169265071
97,25,76,11.621333400645732,16.420249591759898,0.4397410978583042,10.730702394188636,14.641180280278723,0.5545679792215635,0.8906310064570988,0.8906310064570953,7.663759189695117,IMPROVED,11.621333400645732,10.730702394188636,ADAPT,0.0
98,19,59,25.393335028509007,29.80357834984844,-2.0629423532950155,21.975413511300125,26.44572345167998,-1.411642375457712,3.4179215172088817,3.4179215172088817,13.4599158140181,IMPROVED,25.393335028509007,21.975413511300125,ADAPT,0.0
99,23,70,20.49623680581672,25.22708583821968,-0.5588630983194216,17.214165402723552,21.82857036420964,-0.1671438680838974,3.282071403093166,3.2820714030931697,16.013043926979492,IMPROVED,20.49623680581672,17.214165402723552,ADAPT,0.0
100,25,75,7.503272076954907,9.947046072306218,0.7888825201324696,6.856857334408556,8.730526557892443,0.8373639531051239,0.6464147425463516,0.6464147425463516,8.615104662560624,IMPROVED,7.503272076954907,6.856857334408556,ADAPT,0.0
