unit,adaptation_rows,evaluation_rows,champion_mae,champion_rmse,champion_r2,adapted_mae,adapted_rmse,adapted_r2,mae_improvement
81,30,90,6.867254955861792,8.726711221279283,0.8871631232404962,7.993222333749859,9.92576840102018,0.8540251215942353,-1.1259673778880668
82,26,81,5.2120294585149205,7.526441928405777,0.8963768388384187,5.3400160698021,7.132025194988259,0.9069528352769256,-0.12798661128717992
83,36,111,19.525101137911992,23.75667138553099,0.4502797707921037,17.514860669414062,21.502438186468552,0.5496543688673042,2.01024046849793
84,33,101,17.403355760790234,22.35268458739519,0.4121852843957948,18.9922486067929,24.114018349281434,0.31589896358884517,-1.5888928460026648
85,23,71,9.350626771583995,12.33986923862369,0.637446731365878,6.759404674826777,9.50658593702977,0.7848210090996852,2.5912220967572184
86,34,105,9.230330046048744,11.796581063077456,0.8485203286163742,10.257268731088676,13.071206672390668,0.8140169333755258,-1.0269386850399318
87,22,67,8.31123871191612,10.968645358834149,0.6783123502463264,6.694233029143246,9.037088243293198,0.7816337863179996,1.6170056827728745
88,26,81,4.957383130929952,6.5564279442122935,0.9213657059982051,5.779608382210261,7.674213170853555,0.8922679003810325,-0.822225251280309
89,27,82,17.369879076317407,20.752252610122184,0.23131461241530937,14.914031521304496,18.039982364709033,0.4191147457045731,2.4558475550129106
90,19,58,32.06861094487898,37.545699222414015,-4.030078608742126,27.21466723045165,33.12556306627528,-2.915443098868084,4.853943714427327
91,17,51,15.548073942230777,21.131330504579147,-1.060922133355802,14.117283947985634,18.522583283754475,-0.5834742684782495,1.4307899942451439
92,42,129,13.967246072447198,16.846440535832496,0.7953346932254758,14.3131638754451,17.476911609889875,0.7797290100337235,-0.34591780299790287
93,19,59,26.08275981858352,30.90780371279072,-2.294111483959999,22.38724264685324,27.303171197231496,-1.570562611811488,3.695517171730277
94,32,97,10.340781607135114,13.413115378281377,0.7705208365419791,11.215237712908221,14.62550358207247,0.7271615369525324,-0.874456105773108
95,35,107,7.121572084658406,9.02996648038349,0.9145279930431348,7.853464291916886,9.926577636779507,0.8967117991834266,-0.7318922072584799
96,42,126,8.326566922831534,11.300600994690594,0.9034681578523197,9.04263743975804,12.259673005929473,0.8863877173828164,-0.7160705169265071
97,25,76,11.621333400645733,16.420249591759898,0.4397410978583042,10.730702394188635,14.641180280278723,0.5545679792215635,0.8906310064570988
98,19,59,25.393335028509007,29.803578349848436,-2.0629423532950155,21.975413511300125,26.44572345167998,-1.411642375457712,3.4179215172088817
99,23,70,20.496236805816718,25.22708583821968,-0.5588630983194216,17.214165402723552,21.828570364209636,-0.16714386808389747,3.282071403093166
100,25,75,7.503272076954907,9.947046072306218,0.7888825201324696,6.856857334408556,8.730526557892443,0.8373639531051239,0.6464147425463516
